NEXEC,FUNC,OPT,LR,HLAYERS,NEURONS,MEAN_ERROR,TRAIN_TIME
1,1,sgd,0.01,1,5,0.14680816233158112,56.30550718307495
1,1,sgd,0.01,1,10,0.13998693227767944,82.56321740150452
1,1,adam,0.01,1,5,0.16200605034828186,89.94775152206421
1,1,sgd,0.01,1,100,0.10736744105815887,92.55715322494507
1,1,adam,0.01,1,10,0.12196097522974014,92.20239019393921
1,1,adagrad,0.01,1,5,0.2722906470298767,89.15627455711365
1,1,sgd,0.01,1,1000,0.15278759598731995,87.48231196403503
1,1,adam,0.01,1,100,0.14182665944099426,92.76790142059326
1,1,adagrad,0.01,1,10,0.19732379913330078,116.1417806148529
1,1,sgd,0.01,1,10000,0.38443782925605774,138.42253971099854
1,1,adam,0.01,1,1000,0.1087009459733963,142.1161379814148
1,1,adagrad,0.01,1,100,0.14719459414482117,138.07515907287598
1,1,adam,0.01,1,10000,1.0605518817901611,141.37992024421692
1,1,adagrad,0.01,1,1000,0.03103375993669033,120.22134280204773
1,1,adagrad,0.01,1,10000,0.159480020403862,102.5109395980835
1,2,sgd,0.01,1,5,5.957286357879639,400.42512106895447
1,2,adam,0.01,1,5,5.797555446624756,369.53017950057983
1,2,adagrad,0.01,1,5,8.87971019744873,350.2388505935669
1,2,sgd,0.01,1,10,5.9852142333984375,342.9822132587433
1,2,adam,0.01,1,10,6.097782135009766,343.36905312538147
1,2,adagrad,0.01,1,10,8.836465835571289,351.1956944465637
1,2,sgd,0.01,1,100,5.9114484786987305,349.9517774581909
1,2,adam,0.01,1,100,5.723019123077393,344.4779796600342
1,2,adagrad,0.01,1,100,8.958704948425293,351.020010471344
1,2,sgd,0.01,1,1000,6.095950603485107,375.4030592441559
1,2,adam,0.01,1,1000,6.518477439880371,391.8670663833618
1,2,adagrad,0.01,1,1000,8.849220275878906,395.5631420612335
1,2,sgd,0.01,1,10000,5.9823150634765625,1005.9819533824921
1,3,sgd,0.01,1,5,0.34761157631874084,147.8506715297699
1,3,sgd,0.01,1,10,0.3324686884880066,148.62666010856628
1,3,sgd,0.01,1,100,0.22848102450370789,142.5853407382965
1,3,sgd,0.01,1,1000,0.12211723625659943,132.1454644203186
1,2,adam,0.01,1,10000,5.3053483963012695,1685.6323075294495
1,3,sgd,0.01,1,10000,0.31132081151008606,271.36822414398193
1,4,sgd,0.01,1,5,0.4872501492500305,60.13087248802185
1,4,sgd,0.01,1,10,0.3870481252670288,53.844590187072754
1,2,adagrad,0.01,1,10000,8.906710624694824,1688.599468946457
1,3,adam,0.01,1,5,0.19945019483566284,149.1148567199707
1,4,sgd,0.01,1,100,0.3689243197441101,61.384732246398926
1,4,sgd,0.01,1,1000,0.20968450605869293,99.40135264396667
1,3,adagrad,0.01,1,5,0.37366849184036255,191.15986609458923
1,3,adam,0.01,1,10,0.1556786447763443,194.57332062721252
1,4,sgd,0.01,1,10000,0.13150201737880707,99.82883191108704
1,5,sgd,0.01,1,5,0.5237557888031006,96.23962664604187
1,3,adagrad,0.01,1,10,0.27884024381637573,197.1749198436737
1,3,adam,0.01,1,100,0.12028311938047409,196.3321018218994
1,5,sgd,0.01,1,10,0.522894561290741,106.68670511245728
1,5,sgd,0.01,1,100,0.523048460483551,112.64828109741211
1,3,adagrad,0.01,1,100,0.12138602137565613,219.18029975891113
1,3,adam,0.01,1,1000,0.8244908452033997,222.74640607833862
1,5,sgd,0.01,1,1000,0.5246986150741577,97.44019293785095
1,5,sgd,0.01,1,10000,0.5295582413673401,94.43432569503784
1,3,adagrad,0.01,1,1000,0.10380488634109497,230.19655752182007
1,1,sgd,0.001,1,5,0.18017400801181793,83.57493305206299
1,1,sgd,0.001,1,10,0.1742626130580902,73.90889024734497
1,1,sgd,0.001,1,100,0.15892155468463898,69.98598861694336
1,1,sgd,0.001,1,1000,0.1288670152425766,69.99042224884033
1,3,adam,0.01,1,10000,4.146064281463623,450.18504309654236
1,1,sgd,0.001,1,10000,0.15870064496994019,101.17411923408508
1,4,adam,0.01,1,5,0.5198363661766052,95.82572841644287
1,4,adam,0.01,1,10,0.9427337050437927,68.82968807220459
1,3,adagrad,0.01,1,10000,0.3193076252937317,441.88871240615845
1,4,adam,0.01,1,100,0.6540780663490295,76.77770185470581
1,4,adagrad,0.01,1,5,0.6657112836837769,96.09548211097717
1,4,adam,0.01,1,1000,0.30632954835891724,97.34017515182495
1,4,adagrad,0.01,1,10,0.5573797821998596,88.5245132446289
1,4,adam,0.01,1,10000,0.7514798045158386,84.70669770240784
1,2,sgd,0.001,1,5,4.4726786613464355,368.4553952217102
1,4,adagrad,0.01,1,100,0.3441014587879181,76.15447425842285
1,5,adam,0.01,1,5,0.24760112166404724,88.28734588623047
1,4,adagrad,0.01,1,1000,0.37108758091926575,124.69824600219727
1,5,adam,0.01,1,10,0.2525606155395508,132.6934666633606
1,4,adagrad,0.01,1,10000,0.22821611166000366,137.8291139602661
1,5,adam,0.01,1,100,0.1846950203180313,135.48226356506348
1,2,sgd,0.001,1,10,4.482766628265381,398.2711191177368
1,5,adagrad,0.01,1,5,0.3322068750858307,136.1520290374756
1,5,adam,0.01,1,1000,0.18199117481708527,135.94140696525574
1,5,adagrad,0.01,1,10,0.32809025049209595,127.84319543838501
1,5,adam,0.01,1,10000,0.175478994846344,126.97219061851501
1,5,adagrad,0.01,1,100,0.33088988065719604,124.52912950515747
1,1,adam,0.001,1,5,0.19452141225337982,126.70924949645996
1,5,adagrad,0.01,1,1000,0.33769649267196655,125.28063249588013
1,2,sgd,0.001,1,100,4.474029541015625,397.94363951683044
1,1,adam,0.001,1,10,0.14040498435497284,124.95356321334839
1,5,adagrad,0.01,1,10000,0.3375553786754608,123.21133184432983
1,1,adam,0.001,1,100,0.12535187602043152,116.83653020858765
1,1,adagrad,0.001,1,5,0.9072444438934326,113.86360716819763
1,1,adam,0.001,1,1000,0.11928082257509232,112.46491694450378
1,1,adagrad,0.001,1,10,0.8406900763511658,108.87630105018616
1,1,adam,0.001,1,10000,0.24137383699417114,113.25072741508484
1,1,adagrad,0.001,1,100,0.10560078173875809,90.30342769622803
1,2,sgd,0.001,1,1000,4.485804080963135,440.6779863834381
1,1,adagrad,0.001,1,1000,0.24954105913639069,61.68435716629028
1,1,adagrad,0.001,1,10000,0.11389987170696259,71.14201235771179
1,2,adam,0.001,1,5,5.727419853210449,335.250150680542
1,2,adagrad,0.001,1,5,3.5359394550323486,316.7876753807068
1,2,adam,0.001,1,10,5.721010684967041,295.9518201351166
1,2,adagrad,0.001,1,10,3.6024465560913086,301.08229517936707
1,2,adam,0.001,1,100,5.710244178771973,282.54996156692505
1,2,sgd,0.001,1,10000,4.395126819610596,1006.938316822052
1,2,adagrad,0.001,1,100,3.594918727874756,284.49752974510193
1,3,sgd,0.001,1,5,0.371938556432724,202.37320709228516
1,2,adam,0.001,1,1000,5.746045112609863,393.71896719932556
1,3,sgd,0.001,1,10,0.37112516164779663,195.74918627738953
1,2,adagrad,0.001,1,1000,3.5957911014556885,451.2160029411316
1,3,sgd,0.001,1,100,0.36744317412376404,178.3931577205658
1,3,sgd,0.001,1,1000,0.3734871447086334,170.07587361335754
1,3,sgd,0.001,1,10000,0.3345761299133301,295.6109495162964
1,4,sgd,0.001,1,5,1.2399163246154785,74.12574553489685
1,4,sgd,0.001,1,10,1.2278133630752563,75.48424887657166
1,4,sgd,0.001,1,100,1.0789960622787476,74.9917562007904
1,4,sgd,0.001,1,1000,0.6432858109474182,74.8012535572052
1,4,sgd,0.001,1,10000,0.15950748324394226,79.6660532951355
1,5,sgd,0.001,1,5,0.29818642139434814,71.94485473632812
1,5,sgd,0.001,1,10,0.2976129353046417,71.46704602241516
1,5,sgd,0.001,1,100,0.29773661494255066,72.51248621940613
1,5,sgd,0.001,1,1000,0.2788831889629364,68.99178504943848
1,5,sgd,0.001,1,10000,0.27545952796936035,78.25990176200867
1,1,sgd,0.0001,1,5,0.7644371390342712,64.73062443733215
1,1,sgd,0.0001,1,10,0.6843557953834534,65.07896447181702
1,2,adam,0.001,1,10000,5.571640968322754,1702.124284029007
1,1,sgd,0.0001,1,100,0.185350701212883,70.17764949798584
1,1,sgd,0.0001,1,1000,0.09927084296941757,69.42331910133362
1,3,adam,0.001,1,5,0.19504468142986298,168.3014624118805
1,1,sgd,0.0001,1,10000,0.34847986698150635,76.91651463508606
1,2,adagrad,0.001,1,10000,3.598228931427002,1714.9174129962921
1,3,adam,0.001,1,10,0.1291370838880539,147.1161036491394
1,3,adagrad,0.001,1,5,0.3735148310661316,142.77801418304443
1,3,adam,0.001,1,100,0.11769570410251617,129.80596709251404
1,3,adagrad,0.001,1,10,0.37745973467826843,132.82699632644653
1,2,sgd,0.0001,1,5,4.621679782867432,327.4184033870697
1,3,adam,0.001,1,1000,0.121256984770298,149.34811067581177
1,3,adagrad,0.001,1,100,0.36734461784362793,152.3572883605957
1,3,adagrad,0.001,1,1000,0.3731149733066559,204.5944676399231
1,2,sgd,0.0001,1,10,4.622427463531494,379.25786304473877
1,3,adam,0.001,1,10000,0.10834363847970963,424.96271872520447
1,4,adam,0.001,1,5,0.5238449573516846,92.5566840171814
1,4,adam,0.001,1,10,0.4058821499347687,89.78571271896362
1,2,sgd,0.0001,1,100,4.623990058898926,395.2550587654114
1,4,adam,0.001,1,100,0.3148551285266876,90.25327372550964
1,3,adagrad,0.001,1,10000,0.35824453830718994,437.7141137123108
1,4,adam,0.001,1,1000,0.23378297686576843,121.66899394989014
1,4,adagrad,0.001,1,5,0.9174837470054626,123.63197231292725
1,4,adam,0.001,1,10000,0.13549663126468658,116.60914444923401
1,4,adagrad,0.001,1,10,0.8860242962837219,115.2284460067749
1,5,adam,0.001,1,5,0.24464909732341766,123.29683518409729
1,4,adagrad,0.001,1,100,0.47502410411834717,121.98197054862976
1,2,sgd,0.0001,1,1000,4.629776954650879,438.4275472164154
1,5,adam,0.001,1,10,0.24634599685668945,113.91881346702576
1,4,adagrad,0.001,1,1000,0.2683301568031311,113.34132409095764
1,5,adam,0.001,1,100,0.23810653388500214,101.6216311454773
1,4,adagrad,0.001,1,10000,0.13940100371837616,106.3203661441803
1,5,adam,0.001,1,1000,0.2560083866119385,111.06722211837769
1,5,adagrad,0.001,1,5,0.947482168674469,109.48529648780823
1,5,adam,0.001,1,10000,0.23874035477638245,92.7886312007904
1,5,adagrad,0.001,1,10,0.9302064180374146,90.30711674690247
1,1,adam,0.0001,1,5,0.8620879054069519,92.44739937782288
1,5,adagrad,0.001,1,100,0.6733325123786926,93.53224086761475
1,1,adam,0.0001,1,10,0.715133786201477,88.70935893058777
1,5,adagrad,0.001,1,1000,0.2543659806251526,86.42299795150757
1,1,adam,0.0001,1,100,0.12140419334173203,68.85553574562073
1,5,adagrad,0.001,1,10000,0.25418245792388916,69.00920557975769
1,1,adam,0.0001,1,1000,0.10514528304338455,106.64214658737183
1,1,adagrad,0.0001,1,5,0.9930595755577087,112.4463324546814
1,1,adam,0.0001,1,10000,0.09404034167528152,151.59326839447021
1,1,adagrad,0.0001,1,10,0.9860183000564575,143.4773223400116
1,1,adagrad,0.0001,1,100,0.9313085079193115,85.94317817687988
1,1,adagrad,0.0001,1,1000,0.18644779920578003,85.82693791389465
1,2,sgd,0.0001,1,10000,4.630323886871338,1073.4838955402374
1,1,adagrad,0.0001,1,10000,0.38028213381767273,105.72566199302673
1,2,adam,0.0001,1,5,3.8132386207580566,394.05219435691833
1,3,sgd,0.0001,1,5,0.3851519227027893,193.31072783470154
1,3,sgd,0.0001,1,10,0.38490328192710876,179.55629777908325
1,2,adagrad,0.0001,1,5,1.1568870544433594,361.55621123313904
1,2,adam,0.0001,1,10,3.806703805923462,356.94126534461975
1,3,sgd,0.0001,1,100,0.39274862408638,179.65243434906006
1,3,sgd,0.0001,1,1000,0.3957946002483368,180.80309677124023
1,2,adagrad,0.0001,1,10,1.1829373836517334,361.93281173706055
1,2,adam,0.0001,1,100,3.8413784503936768,350.78969049453735
1,3,sgd,0.0001,1,10000,0.371891051530838,290.2879948616028
1,4,sgd,0.0001,1,5,0.8517303466796875,72.24653649330139
1,2,adagrad,0.0001,1,100,2.0883543491363525,355.5694363117218
1,4,sgd,0.0001,1,10,0.8505861163139343,74.81802749633789
1,4,sgd,0.0001,1,100,0.8370312452316284,71.16340208053589
1,4,sgd,0.0001,1,1000,0.7362784743309021,71.99339580535889
1,2,adam,0.0001,1,1000,3.816877841949463,434.15868067741394
1,4,sgd,0.0001,1,10000,0.31730636954307556,65.75745010375977
1,5,sgd,0.0001,1,5,0.965225338935852,56.08415102958679
1,5,sgd,0.0001,1,10,0.9658280611038208,54.01973295211792
1,5,sgd,0.0001,1,100,0.9645333290100098,52.07026767730713
1,2,adagrad,0.0001,1,1000,5.718031406402588,431.1886782646179
1,5,sgd,0.0001,1,1000,0.9615041017532349,49.35553598403931
1,5,sgd,0.0001,1,10000,0.9522631168365479,57.0884895324707
2,1,sgd,0.01,1,5,0.13745607435703278,83.11306238174438
2,1,sgd,0.01,1,10,0.14687754213809967,79.26604795455933
2,1,sgd,0.01,1,100,0.10397900640964508,84.15238356590271
2,1,sgd,0.01,1,1000,0.08273009955883026,81.41541385650635
2,1,sgd,0.01,1,10000,0.41157183051109314,90.67522501945496
2,2,sgd,0.01,1,5,5.478610038757324,337.91215109825134
2,2,sgd,0.01,1,10,5.581131458282471,332.2243676185608
1,2,adam,0.0001,1,10000,3.8939602375030518,1676.6783738136292
2,2,sgd,0.01,1,100,5.511452674865723,339.74849486351013
1,3,adam,0.0001,1,5,0.3173317611217499,163.7694170475006
1,2,adagrad,0.0001,1,10000,5.8293962478637695,1661.1252610683441
1,3,adam,0.0001,1,10,0.2392401546239853,170.36664962768555
1,3,adagrad,0.0001,1,5,0.8404074907302856,189.2698106765747
2,2,sgd,0.01,1,1000,5.46706485748291,414.40412497520447
1,3,adam,0.0001,1,100,0.11679834872484207,180.05892491340637
1,3,adagrad,0.0001,1,10,0.5579277276992798,176.0808699131012
1,3,adam,0.0001,1,1000,0.11661791056394577,176.3107945919037
1,3,adagrad,0.0001,1,100,0.4318147599697113,162.40121221542358
1,3,adagrad,0.0001,1,1000,0.4185841679573059,154.97769689559937
1,3,adam,0.0001,1,10000,0.13548702001571655,394.35339522361755
1,4,adam,0.0001,1,5,0.8556967377662659,67.26986980438232
1,4,adam,0.0001,1,10,0.7843375205993652,66.71335291862488
1,4,adam,0.0001,1,100,0.5863500833511353,62.623892068862915
1,3,adagrad,0.0001,1,10000,0.38475146889686584,407.0283901691437
1,4,adam,0.0001,1,1000,0.34791314601898193,74.61482739448547
1,4,adagrad,0.0001,1,5,0.9915247559547424,91.2304995059967
1,4,adam,0.0001,1,10000,0.31993457674980164,89.71500968933105
1,4,adagrad,0.0001,1,10,0.9874610900878906,87.20535206794739
2,2,sgd,0.01,1,10000,5.578843593597412,1038.0542118549347
1,5,adam,0.0001,1,5,0.8605121970176697,83.5651867389679
1,4,adagrad,0.0001,1,100,0.9653914570808411,78.20693325996399
1,5,adam,0.0001,1,10,0.8028216361999512,91.04583263397217
1,4,adagrad,0.0001,1,1000,0.8335344195365906,129.6851840019226
2,3,sgd,0.01,1,5,0.3459450304508209,211.48051857948303
1,5,adam,0.0001,1,100,0.3640267252922058,135.17606234550476
1,4,adagrad,0.0001,1,10000,0.5078846216201782,140.73749327659607
1,5,adam,0.0001,1,1000,0.3347354531288147,135.22521662712097
2,3,sgd,0.01,1,10,0.34085437655448914,244.98209047317505
1,5,adagrad,0.0001,1,5,0.9956658482551575,132.41945028305054
1,5,adam,0.0001,1,10000,0.3380570113658905,131.069926738739
1,5,adagrad,0.0001,1,10,0.9949702024459839,131.7453751564026
2,1,adam,0.01,1,5,0.1616549789905548,131.32128047943115
2,3,sgd,0.01,1,100,0.24005800485610962,246.26236057281494
1,5,adagrad,0.0001,1,100,0.9904471039772034,124.38989543914795
2,1,adam,0.01,1,10,0.13268277049064636,127.07673072814941
1,5,adagrad,0.0001,1,1000,0.9420135617256165,126.42586374282837
2,1,adam,0.01,1,100,0.14935962855815887,124.49843215942383
2,3,sgd,0.01,1,1000,0.12096308916807175,238.15211653709412
1,5,adagrad,0.0001,1,10000,0.581345796585083,120.54425239562988
2,1,adam,0.01,1,1000,0.19420072436332703,114.1371636390686
2,1,adagrad,0.01,1,5,0.26762017607688904,102.11688661575317
2,1,adam,0.01,1,10000,0.2338097244501114,113.07104158401489
2,1,adagrad,0.01,1,10,0.17968057096004486,87.25347423553467
2,1,adagrad,0.01,1,100,0.13143683969974518,66.33969950675964
2,3,sgd,0.01,1,10000,0.3182273507118225,328.8834376335144
2,1,adagrad,0.01,1,1000,0.06280554085969925,78.44549560546875
2,4,sgd,0.01,1,5,0.6441265344619751,96.57178544998169
2,1,adagrad,0.01,1,10000,0.1479865461587906,98.35228776931763
2,4,sgd,0.01,1,10,0.5215782523155212,71.9084825515747
2,2,adam,0.01,1,5,3.936394453048706,365.9032609462738
2,4,sgd,0.01,1,100,0.31264427304267883,54.44233727455139
2,4,sgd,0.01,1,1000,0.28970474004745483,54.4876868724823
2,4,sgd,0.01,1,10000,0.15780627727508545,98.83584856987
2,5,sgd,0.01,1,5,0.2559174597263336,93.10304260253906
2,2,adagrad,0.01,1,5,5.8219146728515625,391.52605986595154
2,5,sgd,0.01,1,10,0.2563331127166748,87.06899738311768
2,2,adam,0.01,1,10,3.9658141136169434,387.4753665924072
2,5,sgd,0.01,1,100,0.25698184967041016,86.76342844963074
2,5,sgd,0.01,1,1000,0.2607261836528778,83.26780319213867
2,5,sgd,0.01,1,10000,0.26387646794319153,99.17593741416931
2,1,sgd,0.001,1,5,0.17192356288433075,93.01063418388367
2,2,adagrad,0.01,1,10,5.834718227386475,413.2334725856781
2,2,adam,0.01,1,100,4.206103324890137,411.4507112503052
2,1,sgd,0.001,1,10,0.16311724483966827,86.9168951511383
2,1,sgd,0.001,1,100,0.15099301934242249,82.11513257026672
2,1,sgd,0.001,1,1000,0.14232546091079712,80.37857246398926
2,1,sgd,0.001,1,10000,0.12864451110363007,86.43761038780212
2,2,adagrad,0.01,1,100,5.88328218460083,394.16170930862427
2,2,adam,0.01,1,1000,4.444321155548096,424.32772421836853
2,2,sgd,0.001,1,5,6.700198650360107,344.9030656814575
2,2,adagrad,0.01,1,1000,5.945764064788818,408.73029828071594
2,2,sgd,0.001,1,10,6.720296859741211,318.1550395488739
2,2,sgd,0.001,1,100,6.6774210929870605,313.9373724460602
2,2,sgd,0.001,1,1000,6.67741584777832,350.8698742389679
2,2,adam,0.01,1,10000,5.0496826171875,1675.469502210617
2,3,adam,0.01,1,5,0.20542612671852112,133.6241159439087
2,3,adam,0.01,1,10,0.14458300173282623,131.01076984405518
2,2,adagrad,0.01,1,10000,5.881242752075195,1670.6747472286224
2,3,adam,0.01,1,100,0.1261710226535797,133.95421981811523
2,3,adagrad,0.01,1,5,0.37513992190361023,139.37331986427307
2,2,sgd,0.001,1,10000,6.594231128692627,1037.242366552353
2,3,adam,0.01,1,1000,0.14653252065181732,133.13601088523865
2,3,adagrad,0.01,1,10,0.28168097138404846,126.48854279518127
2,3,sgd,0.001,1,5,0.36989307403564453,157.46684527397156
2,3,adagrad,0.01,1,100,0.12301381677389145,191.84020137786865
2,3,sgd,0.001,1,10,0.3699919879436493,203.11703252792358
2,3,adam,0.01,1,10000,0.9214414358139038,408.6833584308624
2,3,adagrad,0.01,1,1000,0.0994582250714302,207.73021411895752
2,4,adam,0.01,1,5,0.48542922735214233,100.40352272987366
2,3,sgd,0.001,1,100,0.36567074060440063,235.01379251480103
2,4,adam,0.01,1,10,0.41709834337234497,100.98236346244812
2,4,adam,0.01,1,100,0.309111088514328,95.67839121818542
2,4,adam,0.01,1,1000,0.2887040972709656,98.29521131515503
2,3,sgd,0.001,1,1000,0.3639015853404999,249.99881219863892
2,4,adam,0.01,1,10000,0.333578497171402,96.42616367340088
2,3,adagrad,0.01,1,10000,0.2598002552986145,467.04755330085754
2,5,adam,0.01,1,5,0.2478514313697815,121.1051287651062
2,4,adagrad,0.01,1,5,1.2785347700119019,122.26252007484436
2,5,adam,0.01,1,10,0.24815785884857178,126.3585753440857
2,4,adagrad,0.01,1,10,1.0768040418624878,127.1369276046753
2,3,sgd,0.001,1,10000,0.3533772826194763,345.04170536994934
2,5,adam,0.01,1,100,0.2446008324623108,120.33185386657715
2,4,adagrad,0.01,1,100,0.7970392107963562,120.12815403938293
2,4,sgd,0.001,1,5,0.868460476398468,123.05579423904419
2,5,adam,0.01,1,1000,0.32024744153022766,118.07613277435303
2,4,adagrad,0.01,1,1000,0.8073223233222961,116.29313611984253
2,4,sgd,0.001,1,10,0.8387682437896729,113.5220558643341
2,5,adam,0.01,1,10000,0.27011942863464355,101.61768865585327
2,4,adagrad,0.01,1,10000,0.25150784850120544,101.9548351764679
2,4,sgd,0.001,1,100,0.6513063907623291,103.60450100898743
2,1,adam,0.001,1,5,0.20975881814956665,100.77101993560791
2,5,adagrad,0.01,1,5,0.25445234775543213,100.17227745056152
2,4,sgd,0.001,1,1000,0.3556263744831085,96.41701412200928
2,1,adam,0.001,1,10,0.14404474198818207,89.47038078308105
2,5,adagrad,0.01,1,10,0.2482900619506836,88.78789710998535
2,4,sgd,0.001,1,10000,0.14254407584667206,105.58216667175293
2,1,adam,0.001,1,100,0.12872065603733063,152.87906575202942
2,5,adagrad,0.01,1,100,0.2552650272846222,153.32953095436096
2,5,sgd,0.001,1,5,0.3027989864349365,151.99498963356018
2,1,adam,0.001,1,1000,0.05690087005496025,149.84764957427979
2,5,adagrad,0.01,1,1000,0.25344690680503845,149.17417240142822
2,5,sgd,0.001,1,10,0.30150097608566284,150.74547863006592
2,1,adam,0.001,1,10000,0.1501041203737259,144.01318740844727
2,5,adagrad,0.01,1,10000,0.25777679681777954,143.99636220932007
2,5,sgd,0.001,1,100,0.29241329431533813,139.38659930229187
2,1,adagrad,0.001,1,5,0.9061135053634644,125.04894495010376
2,5,sgd,0.001,1,1000,0.26443299651145935,125.9855694770813
2,1,adagrad,0.001,1,10,0.8452678918838501,127.10672807693481
2,5,sgd,0.001,1,10000,0.2582899034023285,127.05939650535583
2,1,adagrad,0.001,1,100,0.11063908040523529,123.85586333274841
2,2,adam,0.001,1,5,4.16879940032959,396.7776138782501
2,1,sgd,0.0001,1,5,0.7413647174835205,120.13176560401917
2,1,adagrad,0.001,1,1000,0.30085447430610657,111.00726795196533
2,1,sgd,0.0001,1,10,0.6745202541351318,107.57938003540039
2,1,adagrad,0.001,1,10000,0.07462140917778015,115.21385860443115
2,1,sgd,0.0001,1,100,0.1933193802833557,105.30562496185303
2,1,sgd,0.0001,1,1000,0.09835626929998398,68.22914934158325
2,1,sgd,0.0001,1,10000,0.3375614285469055,75.20184063911438
2,2,adam,0.001,1,10,4.17656135559082,379.79432106018066
2,2,adagrad,0.001,1,5,4.122734069824219,351.63583874702454
2,2,sgd,0.0001,1,5,4.783902645111084,317.3309350013733
2,2,adam,0.001,1,100,4.138245582580566,312.6943459510803
2,2,adagrad,0.001,1,10,4.202775955200195,312.75551772117615
2,2,sgd,0.0001,1,10,4.782973289489746,306.07811212539673
2,2,adam,0.001,1,1000,4.046063423156738,372.88448190689087
2,2,adagrad,0.001,1,100,4.206438064575195,293.36160135269165
2,2,sgd,0.0001,1,100,4.762269973754883,295.5489423274994
2,2,adagrad,0.001,1,1000,4.203312873840332,420.8130853176117
2,2,sgd,0.0001,1,1000,4.786256313323975,398.848069190979
2,2,adam,0.001,1,10000,4.123861312866211,1667.0391216278076
2,2,sgd,0.0001,1,10000,4.795915126800537,1074.5815570354462
2,3,adam,0.001,1,5,0.18245810270309448,181.84437537193298
2,3,sgd,0.0001,1,5,0.3723929524421692,189.73424816131592
2,3,adam,0.001,1,10,0.14147649705410004,180.81107473373413
2,3,sgd,0.0001,1,10,0.37447401881217957,187.03441381454468
2,3,adam,0.001,1,100,0.10995542258024216,181.2124307155609
2,2,adagrad,0.001,1,10000,4.228532314300537,1704.339523077011
2,3,sgd,0.0001,1,100,0.38731783628463745,188.9822449684143
2,3,adam,0.001,1,1000,0.11413157731294632,206.187326669693
2,3,adagrad,0.001,1,5,0.3870982527732849,200.88894891738892
2,3,sgd,0.0001,1,1000,0.3899705708026886,210.15925979614258
2,3,adagrad,0.001,1,10,0.394909530878067,202.4840486049652
2,3,adagrad,0.001,1,100,0.37193581461906433,212.27196383476257
2,3,sgd,0.0001,1,10000,0.37477901577949524,371.31797885894775
2,3,adam,0.001,1,10000,0.17591437697410583,453.775506734848
2,4,sgd,0.0001,1,5,0.9332225918769836,125.29735660552979
2,4,adam,0.001,1,5,1.0147948265075684,126.11494016647339
2,3,adagrad,0.001,1,1000,0.38680118322372437,239.09015369415283
2,4,sgd,0.0001,1,10,0.9323951005935669,123.55529284477234
2,4,adam,0.001,1,10,0.8303418755531311,122.56127667427063
2,4,sgd,0.0001,1,100,0.9182109236717224,127.10610103607178
2,4,adam,0.001,1,100,0.5923910140991211,119.29289412498474
2,4,sgd,0.0001,1,1000,0.792639970779419,116.22685289382935
2,4,adam,0.001,1,1000,0.6905520558357239,114.247713804245
2,4,sgd,0.0001,1,10000,0.3330981433391571,110.86810731887817
2,4,adam,0.001,1,10000,0.36379292607307434,120.81856489181519
2,3,adagrad,0.001,1,10000,0.4192377030849457,476.9973521232605
2,5,sgd,0.0001,1,5,0.8261491060256958,113.33454990386963
2,5,adam,0.001,1,5,0.24450521171092987,118.12981176376343
2,4,adagrad,0.001,1,5,0.9084709882736206,167.36207962036133
2,5,sgd,0.0001,1,10,0.8258072733879089,167.67645955085754
2,5,adam,0.001,1,10,0.239401176571846,170.7381899356842
2,4,adagrad,0.001,1,10,0.8651915192604065,159.96662020683289
2,5,sgd,0.0001,1,100,0.8225196599960327,160.24824786186218
2,5,adam,0.001,1,100,0.2546224594116211,160.76193189620972
2,4,adagrad,0.001,1,100,0.511734127998352,163.7547423839569
2,5,sgd,0.0001,1,1000,0.7757446765899658,164.48889660835266
2,5,adam,0.001,1,1000,0.24284133315086365,160.82240748405457
2,4,adagrad,0.001,1,1000,0.3050089478492737,162.90962624549866
2,5,sgd,0.0001,1,10000,0.49848198890686035,163.9649224281311
2,5,adam,0.001,1,10000,0.2554193437099457,165.56838488578796
2,4,adagrad,0.001,1,10000,0.11618046462535858,169.57305002212524
3,1,sgd,0.01,1,5,0.10297094285488129,170.33509635925293
2,1,adam,0.0001,1,5,0.849621593952179,165.53909301757812
2,5,adagrad,0.001,1,5,0.9483444094657898,164.40902471542358
3,1,sgd,0.01,1,10,0.10739440470933914,163.48997855186462
2,1,adam,0.0001,1,10,0.7235093712806702,168.04022216796875
2,5,adagrad,0.001,1,10,0.9255143404006958,155.8123106956482
3,1,sgd,0.01,1,100,0.06078677251935005,153.73971033096313
2,1,adam,0.0001,1,100,0.13001976907253265,154.48849844932556
2,5,adagrad,0.001,1,100,0.670422375202179,155.48413276672363
3,1,sgd,0.01,1,1000,0.012849364429712296,157.17128324508667
2,1,adam,0.0001,1,1000,0.1574033945798874,150.69799041748047
2,5,adagrad,0.001,1,1000,0.26240241527557373,130.8750603199005
3,1,sgd,0.01,1,10000,0.6408587098121643,132.01945567131042
2,1,adam,0.0001,1,10000,0.08544286340475082,123.44586777687073
2,5,adagrad,0.001,1,10000,0.2772390842437744,99.82837200164795
2,1,adagrad,0.0001,1,5,0.991820216178894,125.04974842071533
2,1,adagrad,0.0001,1,10,0.9857968091964722,121.59113502502441
3,2,sgd,0.01,1,5,5.95885705947876,393.2657103538513
2,2,adam,0.0001,1,5,9.08603572845459,415.3331913948059
2,1,adagrad,0.0001,1,100,0.9180662631988525,128.16239190101624
2,1,adagrad,0.0001,1,1000,0.21882547438144684,133.82899165153503
2,1,adagrad,0.0001,1,10000,0.3563932776451111,131.14795088768005
3,2,sgd,0.01,1,10,5.938391208648682,436.41514348983765
2,2,adam,0.0001,1,10,9.15695571899414,440.68154883384705
2,2,adagrad,0.0001,1,5,1.1084831953048706,432.0930812358856
3,2,sgd,0.01,1,100,5.972348213195801,426.19664096832275
2,2,adam,0.0001,1,100,8.973238945007324,421.78749680519104
2,2,adagrad,0.0001,1,10,1.1488715410232544,387.38320875167847
3,2,sgd,0.01,1,1000,6.000791072845459,434.5862708091736
2,2,adam,0.0001,1,1000,9.195514678955078,485.0822751522064
2,2,adagrad,0.0001,1,100,1.7776249647140503,429.8016359806061
2,2,adagrad,0.0001,1,1000,4.676346302032471,474.24423146247864
3,2,sgd,0.01,1,10000,5.961972236633301,1135.6878740787506
3,3,sgd,0.01,1,5,0.32559555768966675,215.5635895729065
3,3,sgd,0.01,1,10,0.2935604453086853,217.71320867538452
3,3,sgd,0.01,1,100,0.14904636144638062,212.58427047729492
2,2,adam,0.0001,1,10000,9.216692924499512,1749.75306558609
3,3,sgd,0.01,1,1000,0.12271558493375778,230.85992550849915
2,3,adam,0.0001,1,5,0.32310208678245544,217.62608242034912
2,3,adam,0.0001,1,10,0.2690819799900055,201.19241786003113
3,3,sgd,0.01,1,10000,0.2395661175251007,380.5716292858124
2,3,adam,0.0001,1,100,0.12228314578533173,207.87008047103882
3,4,sgd,0.01,1,5,0.4295797348022461,112.7597405910492
2,2,adagrad,0.0001,1,10000,4.684652328491211,1781.9395487308502
3,4,sgd,0.01,1,10,0.3607630431652069,117.1324737071991
2,3,adam,0.0001,1,1000,0.12853343784809113,236.772700548172
3,4,sgd,0.01,1,100,0.2914123237133026,112.83884382247925
2,3,adagrad,0.0001,1,5,0.7528701424598694,220.38360857963562
3,4,sgd,0.01,1,1000,0.20500978827476501,103.3031542301178
3,4,sgd,0.01,1,10000,0.15784421563148499,106.86217164993286
2,3,adagrad,0.0001,1,10,0.6003961563110352,208.39298248291016
3,5,sgd,0.01,1,5,0.23699375987052917,100.09698224067688
3,5,sgd,0.01,1,10,0.2368442267179489,98.78667545318604
2,3,adam,0.0001,1,10000,0.12902772426605225,476.96994733810425
2,3,adagrad,0.0001,1,100,0.4134269952774048,210.0618724822998
3,5,sgd,0.01,1,100,0.2367659956216812,153.16090965270996
2,4,adam,0.0001,1,5,0.8850994110107422,157.05314993858337
3,5,sgd,0.01,1,1000,0.2386896163225174,155.10855770111084
2,3,adagrad,0.0001,1,1000,0.40208759903907776,270.86634969711304
2,4,adam,0.0001,1,10,0.8432632684707642,153.09940934181213
3,5,sgd,0.01,1,10000,0.24263286590576172,163.82140493392944
2,4,adam,0.0001,1,100,0.7341306209564209,158.63803029060364
3,1,sgd,0.001,1,5,0.14196011424064636,158.0099766254425
2,4,adam,0.0001,1,1000,0.5434160828590393,152.74260020256042
3,1,sgd,0.001,1,10,0.1493346244096756,143.54069757461548
2,4,adam,0.0001,1,10000,0.40544021129608154,146.4148530960083
2,3,adagrad,0.0001,1,10000,0.3701377511024475,497.0232093334198
3,1,sgd,0.001,1,100,0.12976282835006714,133.3821496963501
2,5,adam,0.0001,1,5,0.8698111772537231,129.1153280735016
2,4,adagrad,0.0001,1,5,0.9935195446014404,130.05939841270447
3,1,sgd,0.001,1,1000,0.11769070476293564,126.0031669139862
2,5,adam,0.0001,1,10,0.8029718995094299,126.56318497657776
2,4,adagrad,0.0001,1,10,0.9920381307601929,127.2910668849945
3,1,sgd,0.001,1,10000,0.14626003801822662,123.78011298179626
2,5,adam,0.0001,1,100,0.2947629988193512,116.58335947990417
2,4,adagrad,0.0001,1,100,0.9754154086112976,115.79452657699585
2,5,adam,0.0001,1,1000,0.26706379652023315,102.22443270683289
2,4,adagrad,0.0001,1,1000,0.8366990089416504,102.19505548477173
2,5,adam,0.0001,1,10000,0.2681516110897064,94.30586338043213
2,4,adagrad,0.0001,1,10000,0.31179147958755493,94.16437530517578
3,1,adam,0.01,1,5,0.16240836679935455,86.83306503295898
2,5,adagrad,0.0001,1,5,0.9925923347473145,86.54639887809753
3,2,sgd,0.001,1,5,5.3730902671813965,372.1729140281677
3,1,adam,0.01,1,10,0.16619157791137695,71.98620820045471
2,5,adagrad,0.0001,1,10,0.9914981722831726,72.40883708000183
3,1,adam,0.01,1,100,0.10781372338533401,144.2450897693634
2,5,adagrad,0.0001,1,100,0.9833587408065796,143.75417828559875
3,1,adam,0.01,1,1000,0.1510787159204483,137.04018831253052
2,5,adagrad,0.0001,1,1000,0.9674526453018188,137.07160639762878
3,2,sgd,0.001,1,10,5.341079235076904,396.89315152168274
2,5,adagrad,0.0001,1,10000,0.9794053435325623,132.64287519454956
3,1,adam,0.01,1,10000,0.1583600640296936,134.58794474601746
3,1,adagrad,0.01,1,5,0.26869121193885803,87.6966552734375
3,1,adagrad,0.01,1,10,0.18536677956581116,87.47409749031067
3,1,adagrad,0.01,1,100,0.13622459769248962,88.2145516872406
3,1,adagrad,0.01,1,1000,0.08534333854913712,84.42155361175537
3,2,sgd,0.001,1,100,5.337189674377441,408.26772141456604
3,2,adam,0.01,1,5,4.536405563354492,399.407644033432
3,1,adagrad,0.01,1,10000,0.2034485787153244,98.26422119140625
3,2,adam,0.01,1,10,4.667365074157715,345.85495257377625
3,2,sgd,0.001,1,1000,5.352811813354492,384.4827048778534
3,2,adagrad,0.01,1,5,6.785168647766113,343.5667073726654
3,2,adam,0.01,1,100,4.189559459686279,325.12324500083923
3,2,adagrad,0.01,1,10,6.778432846069336,324.919860124588
3,2,adagrad,0.01,1,100,6.81959867477417,336.53581500053406
3,2,adam,0.01,1,1000,4.160693645477295,390.51777625083923
3,2,sgd,0.001,1,10000,5.433621883392334,1066.9194509983063
3,2,adagrad,0.01,1,1000,6.878060340881348,391.89827609062195
3,3,sgd,0.001,1,5,0.38699981570243835,145.7878544330597
3,3,sgd,0.001,1,10,0.3872958719730377,133.44828534126282
3,3,sgd,0.001,1,100,0.3867664635181427,129.38601541519165
3,3,sgd,0.001,1,1000,0.38210925459861755,130.71819472312927
3,3,sgd,0.001,1,10000,0.3387613892555237,274.78388023376465
3,4,sgd,0.001,1,5,0.7163950204849243,40.07225036621094
3,4,sgd,0.001,1,10,0.7034688591957092,49.569843769073486
3,4,sgd,0.001,1,100,0.5671486258506775,85.5096549987793
3,4,sgd,0.001,1,1000,0.32166603207588196,83.72627449035645
3,4,sgd,0.001,1,10000,0.12037723511457443,88.13546586036682
3,5,sgd,0.001,1,5,0.33774852752685547,82.77810168266296
3,2,adam,0.01,1,10000,6.335184097290039,1666.1918387413025
3,5,sgd,0.001,1,10,0.33478179574012756,82.42300748825073
3,5,sgd,0.001,1,100,0.32379788160324097,81.07087588310242
3,3,adam,0.01,1,5,0.1900513917207718,165.71429538726807
3,5,sgd,0.001,1,1000,0.3010629117488861,85.66081428527832
3,5,sgd,0.001,1,10000,0.297639399766922,85.92411208152771
3,3,adam,0.01,1,10,0.14059044420719147,171.8613085746765
3,1,sgd,0.0001,1,5,0.7517532706260681,88.53604555130005
3,2,adagrad,0.01,1,10000,6.902013301849365,1668.3132021427155
3,1,sgd,0.0001,1,10,0.6842562556266785,98.61517286300659
3,3,adam,0.01,1,100,0.1296704262495041,201.68648672103882
3,1,sgd,0.0001,1,100,0.1417285054922104,103.95811605453491
3,3,adagrad,0.01,1,5,0.3897952735424042,210.40015983581543
3,1,sgd,0.0001,1,1000,0.09829117357730865,93.6455135345459
3,3,adam,0.01,1,1000,0.12966902554035187,212.26343846321106
3,1,sgd,0.0001,1,10000,0.3388389050960541,99.31525778770447
3,3,adagrad,0.01,1,10,0.23864230513572693,197.27774167060852
3,3,adagrad,0.01,1,100,0.14285767078399658,150.62474703788757
3,3,adagrad,0.01,1,1000,0.11890384554862976,157.03093481063843
3,2,sgd,0.0001,1,5,8.264644622802734,335.24406456947327
3,3,adam,0.01,1,10000,0.1639368236064911,400.2182195186615
3,4,adam,0.01,1,5,0.6145883202552795,58.46908521652222
3,4,adam,0.01,1,10,0.4543225169181824,60.89960503578186
3,4,adam,0.01,1,100,0.703517735004425,62.34654760360718
3,4,adam,0.01,1,1000,0.4154432713985443,58.42469787597656
3,4,adam,0.01,1,10000,0.39444199204444885,53.813056230545044
3,2,sgd,0.0001,1,10,8.296570777893066,353.38229274749756
3,5,adam,0.01,1,5,0.4985350966453552,60.59971213340759
3,3,adagrad,0.01,1,10000,0.25464820861816406,409.0174171924591
3,5,adam,0.01,1,10,0.49739813804626465,149.64020323753357
3,4,adagrad,0.01,1,5,1.094477891921997,149.20497798919678
3,5,adam,0.01,1,100,0.47009965777397156,142.63072967529297
3,4,adagrad,0.01,1,10,0.9502953886985779,142.60412621498108
3,2,sgd,0.0001,1,100,8.287440299987793,419.0735123157501
3,5,adam,0.01,1,1000,0.4427845776081085,137.49562311172485
3,4,adagrad,0.01,1,100,0.5878695845603943,137.90528345108032
3,4,adagrad,0.01,1,1000,0.6860863566398621,124.77597451210022
3,5,adam,0.01,1,10000,0.28900521993637085,127.52648329734802
3,1,adam,0.001,1,5,0.20257636904716492,122.24231576919556
3,4,adagrad,0.01,1,10000,0.27468690276145935,127.69435429573059
3,1,adam,0.001,1,10,0.15022632479667664,123.17668271064758
3,5,adagrad,0.01,1,5,0.24961811304092407,124.07437419891357
3,2,sgd,0.0001,1,1000,8.336819648742676,452.0200662612915
3,1,adam,0.001,1,100,0.12385835498571396,117.45896816253662
3,5,adagrad,0.01,1,10,0.23915840685367584,116.45390391349792
3,1,adam,0.001,1,1000,0.09909622371196747,110.59920763969421
3,5,adagrad,0.01,1,100,0.2502971589565277,110.71448683738708
3,5,adagrad,0.01,1,1000,0.24953928589820862,105.56106233596802
3,1,adam,0.001,1,10000,0.2632494270801544,109.88927841186523
3,5,adagrad,0.01,1,10000,0.25373661518096924,74.62874794006348
3,1,adagrad,0.001,1,5,0.9051789045333862,61.640586137771606
3,1,adagrad,0.001,1,10,0.8130038380622864,62.60449004173279
3,1,adagrad,0.001,1,100,0.10869952291250229,58.27293109893799
3,1,adagrad,0.001,1,1000,0.2606956362724304,58.76871156692505
3,2,adam,0.001,1,5,4.422191143035889,352.6146750450134
3,1,adagrad,0.001,1,10000,0.12310446798801422,71.70742392539978
3,2,adam,0.001,1,10,4.497486114501953,285.4775068759918
3,2,adagrad,0.001,1,5,7.774885177612305,276.2654619216919
3,2,sgd,0.0001,1,10000,8.43885612487793,1092.2138040065765
3,3,sgd,0.0001,1,5,0.3823184370994568,186.88618278503418
3,2,adam,0.001,1,100,4.416007041931152,338.974600315094
3,2,adagrad,0.001,1,10,7.92515230178833,373.70106768608093
3,3,sgd,0.0001,1,10,0.38269078731536865,199.9579062461853
3,3,sgd,0.0001,1,100,0.393168568611145,189.64043140411377
3,2,adam,0.001,1,1000,4.543388843536377,438.80493235588074
3,2,adagrad,0.001,1,100,7.9304118156433105,383.3606662750244
3,3,sgd,0.0001,1,1000,0.3964422345161438,193.62647652626038
3,2,adagrad,0.001,1,1000,7.948441505432129,427.26085567474365
3,3,sgd,0.0001,1,10000,0.37345317006111145,326.39921593666077
3,4,sgd,0.0001,1,5,0.9106597900390625,76.46633267402649
3,4,sgd,0.0001,1,10,0.9082033634185791,71.04489493370056
3,4,sgd,0.0001,1,100,0.8916904926300049,73.57311367988586
3,4,sgd,0.0001,1,1000,0.6917259693145752,67.56844830513
3,4,sgd,0.0001,1,10000,0.2562207281589508,76.61441731452942
3,5,sgd,0.0001,1,5,0.829903244972229,68.7568736076355
3,5,sgd,0.0001,1,10,0.8295968770980835,66.75671315193176
3,5,sgd,0.0001,1,100,0.8257699608802795,68.54377913475037
3,5,sgd,0.0001,1,1000,0.7860704660415649,65.7718939781189
3,5,sgd,0.0001,1,10000,0.4919590651988983,70.40239143371582
4,1,sgd,0.01,1,5,0.15349367260932922,62.26174235343933
4,1,sgd,0.01,1,10,0.14169804751873016,59.57873010635376
4,1,sgd,0.01,1,100,0.15896686911582947,60.57214379310608
4,1,sgd,0.01,1,1000,0.15693433582782745,62.373157262802124
4,1,sgd,0.01,1,10000,0.3568766415119171,63.822470903396606
3,2,adam,0.001,1,10000,4.499200344085693,1669.5568733215332
4,2,sgd,0.01,1,5,13.022745132446289,295.49172163009644
3,3,adam,0.001,1,5,0.20254194736480713,121.52303957939148
3,3,adam,0.001,1,10,0.1352362036705017,103.74554252624512
3,3,adam,0.001,1,100,0.111110620200634,113.634836435318
4,2,sgd,0.01,1,10,12.942133903503418,302.94938921928406
3,2,adagrad,0.001,1,10000,7.9903740882873535,1707.6338059902191
3,3,adam,0.001,1,1000,0.11666898429393768,192.45181918144226
3,3,adagrad,0.001,1,5,0.39064374566078186,189.8738489151001
4,2,sgd,0.01,1,100,12.734333992004395,379.9112889766693
3,3,adagrad,0.001,1,10,0.3963383436203003,187.78982090950012
3,3,adam,0.001,1,10000,0.12947916984558105,425.3443024158478
3,3,adagrad,0.001,1,100,0.3770952522754669,191.24371767044067
3,4,adam,0.001,1,5,0.6474435329437256,95.92696356773376
3,4,adam,0.001,1,10,0.522196888923645,95.44041109085083
4,2,sgd,0.01,1,1000,12.658426284790039,435.72629141807556
3,4,adam,0.001,1,100,0.27249690890312195,93.60379481315613
3,3,adagrad,0.001,1,1000,0.38270628452301025,248.91441893577576
3,4,adam,0.001,1,1000,0.38680195808410645,82.696706533432
3,4,adam,0.001,1,10000,0.26309359073638916,85.22913908958435
3,5,adam,0.001,1,5,0.2747304141521454,71.43182301521301
3,5,adam,0.001,1,10,0.2749946117401123,70.14255905151367
3,5,adam,0.001,1,100,0.27473533153533936,74.97454762458801
3,5,adam,0.001,1,1000,0.2810048758983612,70.06107258796692
3,3,adagrad,0.001,1,10000,0.3843945860862732,432.9642264842987
3,5,adam,0.001,1,10000,0.30138933658599854,99.76709032058716
3,4,adagrad,0.001,1,5,2.4135079383850098,105.61235237121582
3,1,adam,0.0001,1,5,0.8433935642242432,103.74003100395203
3,4,adagrad,0.001,1,10,2.8070120811462402,99.74928307533264
3,1,adam,0.0001,1,10,0.7031259536743164,98.2158591747284
3,4,adagrad,0.001,1,100,8.600942611694336,99.37314510345459
3,1,adam,0.0001,1,100,0.12277206033468246,91.57054781913757
3,4,adagrad,0.001,1,1000,10.4937162399292,89.0342972278595
3,1,adam,0.0001,1,1000,0.14922362565994263,84.4952323436737
3,4,adagrad,0.001,1,10000,6.92779541015625,79.76230359077454
3,1,adam,0.0001,1,10000,0.06911604851484299,71.86142945289612
3,5,adagrad,0.001,1,5,0.947159469127655,67.64965319633484
4,2,sgd,0.01,1,10000,12.940898895263672,1119.069895029068
3,5,adagrad,0.001,1,10,0.9369497299194336,93.97982406616211
3,5,adagrad,0.001,1,100,0.6662598252296448,98.81130814552307
3,5,adagrad,0.001,1,1000,0.25725361704826355,94.28734517097473
4,3,sgd,0.01,1,5,0.3576502799987793,243.38621497154236
3,5,adagrad,0.001,1,10000,0.26405322551727295,100.7718141078949
3,2,adam,0.0001,1,5,5.204134941101074,420.3629503250122
3,1,adagrad,0.0001,1,5,0.9863851070404053,87.62558674812317
4,3,sgd,0.01,1,10,0.32822391390800476,225.67577028274536
3,1,adagrad,0.0001,1,10,0.9791489243507385,89.22593975067139
3,1,adagrad,0.0001,1,100,0.8770040273666382,92.65050673484802
3,1,adagrad,0.0001,1,1000,0.19500207901000977,88.92266201972961
4,3,sgd,0.01,1,100,0.23308779299259186,238.6072645187378
3,2,adam,0.0001,1,10,5.199498653411865,404.91644525527954
3,1,adagrad,0.0001,1,10000,0.3367898762226105,101.02580404281616
4,3,sgd,0.01,1,1000,0.12472658604383469,189.8337438106537
3,2,adam,0.0001,1,100,5.232217311859131,342.99824357032776
3,2,adagrad,0.0001,1,5,1.1273350715637207,343.6551547050476
4,3,sgd,0.01,1,10000,0.24630390107631683,323.77361941337585
4,4,sgd,0.01,1,5,0.9669957756996155,71.3013699054718
4,4,sgd,0.01,1,10,0.8485611081123352,75.01380801200867
4,4,sgd,0.01,1,100,0.7034868001937866,65.79151797294617
4,4,sgd,0.01,1,1000,0.4713486135005951,64.75266480445862
3,2,adagrad,0.0001,1,10,1.16981840133667,372.71318006515503
3,2,adam,0.0001,1,1000,5.096206188201904,428.510703086853
4,4,sgd,0.01,1,10000,0.20362119376659393,67.56852960586548
4,5,sgd,0.01,1,5,0.23390379548072815,60.38636302947998
4,5,sgd,0.01,1,10,0.23427678644657135,53.398759841918945
4,5,sgd,0.01,1,100,0.23548389971256256,43.53542995452881
4,5,sgd,0.01,1,1000,0.2357039451599121,49.484240770339966
3,2,adagrad,0.0001,1,100,1.938552975654602,360.92821741104126
4,5,sgd,0.01,1,10000,0.2422504425048828,93.18716382980347
4,1,sgd,0.001,1,5,0.18103955686092377,90.64402723312378
4,1,sgd,0.001,1,10,0.164094015955925,90.30804467201233
4,1,sgd,0.001,1,100,0.13984240591526031,87.99364590644836
4,1,sgd,0.001,1,1000,0.11129660159349442,86.4318950176239
4,1,sgd,0.001,1,10000,0.18590287864208221,88.4072732925415
3,2,adagrad,0.0001,1,1000,5.239285945892334,455.5564544200897
4,2,sgd,0.001,1,5,6.5122551918029785,337.9704005718231
4,2,sgd,0.001,1,10,6.503386497497559,265.1236605644226
3,2,adam,0.0001,1,10000,5.217297077178955,1669.8310458660126
4,2,sgd,0.001,1,100,6.576279640197754,352.7971234321594
3,3,adam,0.0001,1,5,0.3422636091709137,163.27091789245605
3,3,adam,0.0001,1,10,0.337391197681427,155.67168378829956
3,3,adam,0.0001,1,100,0.13343459367752075,158.64128851890564
4,2,sgd,0.001,1,1000,6.5256500244140625,403.86721205711365
3,3,adam,0.0001,1,1000,0.139902725815773,164.84969520568848
3,2,adagrad,0.0001,1,10000,5.304563045501709,1668.4117891788483
3,3,adagrad,0.0001,1,5,0.7065218687057495,153.9280321598053
3,3,adam,0.0001,1,10000,0.13358913362026215,394.1299042701721
3,4,adam,0.0001,1,5,0.7932050228118896,74.03058815002441
3,3,adagrad,0.0001,1,10,0.5696315169334412,176.43705463409424
3,4,adam,0.0001,1,10,0.7128230333328247,68.61532807350159
3,4,adam,0.0001,1,100,0.41330233216285706,70.26091861724854
3,3,adagrad,0.0001,1,100,0.44446122646331787,193.87121772766113
3,4,adam,0.0001,1,1000,0.2528678774833679,71.35236740112305
3,4,adam,0.0001,1,10000,0.21916286647319794,76.37874579429626
3,5,adam,0.0001,1,5,0.869993269443512,61.03826427459717
3,3,adagrad,0.0001,1,1000,0.4291745722293854,182.34750247001648
3,5,adam,0.0001,1,10,0.8012672066688538,61.307199239730835
3,5,adam,0.0001,1,100,0.30166149139404297,42.22512459754944
4,2,sgd,0.001,1,10000,6.578963279724121,1100.1079518795013
3,5,adam,0.0001,1,1000,0.27525272965431213,66.9665162563324
3,5,adam,0.0001,1,10000,0.27825966477394104,101.58031463623047
4,3,sgd,0.001,1,5,0.38542333245277405,215.69168424606323
4,1,adam,0.01,1,5,0.1445973962545395,98.19837927818298
4,1,adam,0.01,1,10,0.13297060132026672,94.09255957603455
3,3,adagrad,0.0001,1,10000,0.3839512765407562,436.4647967815399
4,3,sgd,0.001,1,10,0.3854351341724396,246.94575548171997
4,1,adam,0.01,1,100,0.1382499784231186,129.73341345787048
3,4,adagrad,0.0001,1,5,0.98870450258255,134.06910037994385
4,1,adam,0.01,1,1000,0.20070919394493103,131.60367965698242
3,4,adagrad,0.0001,1,10,0.9858989715576172,132.98422741889954
4,3,sgd,0.001,1,100,0.3851650357246399,251.76800107955933
4,1,adam,0.01,1,10000,0.521486222743988,140.5276973247528
3,4,adagrad,0.0001,1,100,0.9595465064048767,126.17827415466309
3,4,adagrad,0.0001,1,1000,0.8267988562583923,88.16653227806091
3,4,adagrad,0.0001,1,10000,0.6733442544937134,84.86571168899536
4,3,sgd,0.001,1,1000,0.3875483572483063,221.95145535469055
3,5,adagrad,0.0001,1,5,0.995043158531189,77.70464396476746
3,5,adagrad,0.0001,1,10,0.9948528409004211,72.9214231967926
4,2,adam,0.01,1,5,6.891202926635742,382.8376386165619
3,5,adagrad,0.0001,1,100,0.9890856146812439,75.33227396011353
3,5,adagrad,0.0001,1,1000,0.9349859356880188,70.16267466545105
4,3,sgd,0.001,1,10000,0.3838921785354614,360.1822421550751
3,5,adagrad,0.0001,1,10000,0.6837084889411926,76.55343127250671
4,4,sgd,0.001,1,5,7.637395858764648,102.22882628440857
4,1,adagrad,0.01,1,5,0.27164211869239807,101.95821237564087
4,4,sgd,0.001,1,10,7.574308395385742,93.05804562568665
4,1,adagrad,0.01,1,10,0.18775705993175507,93.145747423172
4,2,adam,0.01,1,10,6.742275714874268,376.725195646286
4,4,sgd,0.001,1,100,6.869215488433838,79.88300943374634
4,1,adagrad,0.01,1,100,0.13748006522655487,79.80301570892334
4,4,sgd,0.001,1,1000,4.338385105133057,111.20626139640808
4,1,adagrad,0.01,1,1000,0.08321725577116013,111.42494249343872
4,4,sgd,0.001,1,10000,1.0066300630569458,141.89703750610352
4,1,adagrad,0.01,1,10000,0.17086149752140045,144.49277210235596
4,2,adam,0.01,1,100,7.092697620391846,365.00972509384155
4,5,sgd,0.001,1,5,0.2845432162284851,94.64407777786255
4,5,sgd,0.001,1,10,0.2817331850528717,89.29174160957336
4,5,sgd,0.001,1,100,0.26994287967681885,88.10558080673218
4,5,sgd,0.001,1,1000,0.23927494883537292,89.32675862312317
4,2,adagrad,0.01,1,5,12.163274765014648,409.675829410553
4,5,sgd,0.001,1,10000,0.2328675389289856,93.74232077598572
4,2,adam,0.01,1,1000,7.983187675476074,451.3418719768524
4,1,sgd,0.0001,1,5,0.7581661343574524,83.0511269569397
4,1,sgd,0.0001,1,10,0.6936139464378357,73.95911312103271
4,1,sgd,0.0001,1,100,0.16607609391212463,77.8564624786377
4,1,sgd,0.0001,1,1000,0.09875866025686264,76.72081756591797
4,2,adagrad,0.01,1,10,12.14113712310791,384.09578919410706
4,1,sgd,0.0001,1,10000,0.3444492518901825,84.08016204833984
4,2,adagrad,0.01,1,100,12.149542808532715,351.1564357280731
4,2,sgd,0.0001,1,5,6.404402732849121,340.37484526634216
4,2,sgd,0.0001,1,10,6.396585941314697,325.45829486846924
4,2,adagrad,0.01,1,1000,12.294984817504883,403.62121748924255
4,2,sgd,0.0001,1,100,6.387707710266113,320.1408486366272
4,2,adam,0.01,1,10000,11.388340950012207,1676.6648678779602
4,2,sgd,0.0001,1,1000,6.384613037109375,354.0960030555725
4,3,adam,0.01,1,5,0.2034066915512085,129.65779376029968
4,3,adam,0.01,1,10,0.15763027966022491,120.80324625968933
4,3,adam,0.01,1,100,0.14106632769107819,123.3619167804718
4,3,adam,0.01,1,1000,0.1800251007080078,117.67761182785034
4,3,adam,0.01,1,10000,8.447011947631836,348.47665667533875
4,4,adam,0.01,1,5,0.4345005452632904,51.26078963279724
4,4,adam,0.01,1,10,0.47181376814842224,82.20441842079163
4,2,adagrad,0.01,1,10000,12.32271957397461,1650.5548939704895
4,4,adam,0.01,1,100,0.3336234986782074,87.25690531730652
4,2,sgd,0.0001,1,10000,6.398404121398926,1064.3298208713531
4,4,adam,0.01,1,1000,0.3608800172805786,100.84820890426636
4,3,adagrad,0.01,1,5,0.401622474193573,195.6933298110962
4,4,adam,0.01,1,10000,0.16838276386260986,97.51348042488098
4,3,sgd,0.0001,1,5,0.41245242953300476,202.87101793289185
4,5,adam,0.01,1,5,0.2853945791721344,104.27122712135315
4,3,adagrad,0.01,1,10,0.2705080807209015,211.41198420524597
4,5,adam,0.01,1,10,0.2752112150192261,109.14950370788574
4,3,sgd,0.0001,1,10,0.41237103939056396,234.04935312271118
4,5,adam,0.01,1,100,0.26254019141197205,105.96143770217896
4,3,adagrad,0.01,1,100,0.1374657303094864,213.94841933250427
4,5,adam,0.01,1,1000,0.250146746635437,102.08989095687866
4,3,sgd,0.0001,1,100,0.42248183488845825,219.00685739517212
4,5,adam,0.01,1,10000,0.22165653109550476,99.12428545951843
4,3,adagrad,0.01,1,1000,0.12339361757040024,212.32877278327942
4,1,adam,0.001,1,5,0.1956387162208557,95.04646134376526
4,3,sgd,0.0001,1,1000,0.42774131894111633,215.2492754459381
4,1,adam,0.001,1,10,0.15007464587688446,79.4699559211731
4,1,adam,0.001,1,100,0.13893984258174896,69.60734415054321
4,1,adam,0.001,1,1000,0.10170843452215195,65.19725799560547
4,1,adam,0.001,1,10000,0.1941078156232834,78.55319404602051
4,3,adagrad,0.01,1,10000,0.2207949459552765,420.22669529914856
4,3,sgd,0.0001,1,10000,0.40743836760520935,338.3898320198059
4,4,adagrad,0.01,1,5,0.6254638433456421,86.5737133026123
4,4,sgd,0.0001,1,5,1.6826814413070679,90.79873514175415
4,4,adagrad,0.01,1,10,0.5369285345077515,87.27648425102234
4,4,sgd,0.0001,1,10,1.6814252138137817,85.67990970611572
4,2,adam,0.001,1,5,9.918701171875,347.4635090827942
4,4,adagrad,0.01,1,100,0.2636990547180176,72.73794078826904
4,4,sgd,0.0001,1,100,1.686580777168274,81.00983428955078
4,4,adagrad,0.01,1,1000,0.4229603111743927,143.3248393535614
4,4,sgd,0.0001,1,1000,1.7152986526489258,148.30936074256897
4,4,adagrad,0.01,1,10000,0.14534743130207062,141.8481822013855
4,4,sgd,0.0001,1,10000,1.6163543462753296,139.18286776542664
4,2,adam,0.001,1,10,9.523300170898438,419.3232328891754
4,5,adagrad,0.01,1,5,0.28622671961784363,141.38358354568481
4,5,sgd,0.0001,1,5,3.4151995182037354,140.73090887069702
4,5,adagrad,0.01,1,10,0.28013843297958374,131.62324213981628
4,5,sgd,0.0001,1,10,3.422386884689331,129.70085096359253
4,5,adagrad,0.01,1,100,0.28571322560310364,126.35284781455994
4,5,sgd,0.0001,1,100,3.489561080932617,127.00027227401733
4,2,adam,0.001,1,100,9.504950523376465,392.83182406425476
4,5,adagrad,0.01,1,1000,0.278176873922348,127.76927304267883
4,5,sgd,0.0001,1,1000,4.034765720367432,127.1539900302887
4,5,adagrad,0.01,1,10000,0.3011990189552307,112.75867223739624
4,5,sgd,0.0001,1,10000,8.408537864685059,110.32269597053528
4,1,adagrad,0.001,1,5,0.9209662079811096,115.27921533584595
5,1,sgd,0.01,1,5,0.14358429610729218,117.6151065826416
4,1,adagrad,0.001,1,10,0.8405550718307495,108.0455710887909
5,1,sgd,0.01,1,10,0.11150384694337845,106.85607123374939
4,1,adagrad,0.001,1,100,0.10615184158086777,108.88778352737427
4,2,adam,0.001,1,1000,9.894815444946289,461.23002672195435
5,1,sgd,0.01,1,100,0.085264191031456,106.96055579185486
4,1,adagrad,0.001,1,1000,0.28588998317718506,92.88037395477295
5,1,sgd,0.01,1,1000,0.08609648048877716,92.05448317527771
4,1,adagrad,0.001,1,10000,0.10704059898853302,89.25872302055359
5,1,sgd,0.01,1,10000,0.3231031000614166,84.6682505607605
5,2,sgd,0.01,1,5,3.96805739402771,270.3119912147522
4,2,adagrad,0.001,1,5,5.630650520324707,288.46719002723694
5,2,sgd,0.01,1,10,3.9917585849761963,315.8255069255829
4,2,adagrad,0.001,1,10,5.741728782653809,353.80828404426575
5,2,sgd,0.01,1,100,4.007322788238525,346.1007933616638
4,2,adagrad,0.001,1,100,5.7429633140563965,352.20490026474
5,2,sgd,0.01,1,1000,4.04235315322876,402.62764048576355
4,2,adagrad,0.001,1,1000,5.728034973144531,416.25434827804565
4,2,adam,0.001,1,10000,9.600361824035645,1656.1877286434174
4,3,adam,0.001,1,5,0.1818840205669403,157.16698908805847
4,3,adam,0.001,1,10,0.1252295821905136,156.10114002227783
4,3,adam,0.001,1,100,0.12114029377698898,157.46353936195374
4,3,adam,0.001,1,1000,0.13423828780651093,169.2475299835205
5,2,sgd,0.01,1,10000,3.999732494354248,1078.9953503608704
4,3,adam,0.001,1,10000,0.11826245486736298,391.46960496902466
4,4,adam,0.001,1,5,1.0034209489822388,78.48851323127747
5,3,sgd,0.01,1,5,0.3504369258880615,199.1434690952301
4,4,adam,0.001,1,10,0.8699551224708557,78.61514258384705
4,4,adam,0.001,1,100,0.4977513551712036,72.82284665107727
4,4,adam,0.001,1,1000,0.3492291569709778,80.20326900482178
5,3,sgd,0.01,1,10,0.3543107807636261,220.83617854118347
4,4,adam,0.001,1,10000,0.3122476637363434,80.87935972213745
4,5,adam,0.001,1,5,0.509340763092041,75.06234216690063
4,5,adam,0.001,1,10,0.5084429383277893,74.3702974319458
5,3,sgd,0.01,1,100,0.19392029941082,207.2119963169098
4,5,adam,0.001,1,100,0.5083951354026794,69.2140245437622
4,2,adagrad,0.001,1,10000,5.693211078643799,1710.6435992717743
4,5,adam,0.001,1,1000,0.513542652130127,74.41843032836914
5,3,sgd,0.01,1,1000,0.12834294140338898,195.41501474380493
4,5,adam,0.001,1,10000,0.4903910458087921,73.0206708908081
4,3,adagrad,0.001,1,5,0.37547728419303894,182.3869662284851
4,1,adam,0.0001,1,5,0.8449165225028992,61.84283399581909
4,1,adam,0.0001,1,10,0.7445201873779297,58.994619846343994
4,3,adagrad,0.001,1,10,0.3805766999721527,168.82524585723877
4,1,adam,0.0001,1,100,0.12896855175495148,95.45481514930725
4,1,adam,0.0001,1,1000,0.1461266428232193,97.90562057495117
5,3,sgd,0.01,1,10000,0.31635838747024536,362.82551527023315
4,3,adagrad,0.001,1,100,0.3660956919193268,205.43839192390442
4,1,adam,0.0001,1,10000,0.13951216638088226,139.23307943344116
5,4,sgd,0.01,1,5,7.64996337890625,128.69881129264832
5,4,sgd,0.01,1,10,8.595287322998047,96.53503274917603
4,3,adagrad,0.001,1,1000,0.36859750747680664,249.9275186061859
5,4,sgd,0.01,1,100,7.576143741607666,94.83668828010559
5,4,sgd,0.01,1,1000,4.786319732666016,84.66694927215576
5,4,sgd,0.01,1,10000,0.6838755011558533,98.48531341552734
4,2,adam,0.0001,1,5,5.368274211883545,402.82240319252014
5,5,sgd,0.01,1,5,0.277385413646698,88.42238998413086
5,5,sgd,0.01,1,10,0.27636954188346863,83.017817735672
5,5,sgd,0.01,1,100,0.2767861485481262,77.64449787139893
4,3,adagrad,0.001,1,10000,0.41701844334602356,447.2534124851227
5,5,sgd,0.01,1,1000,0.2795852720737457,109.99473404884338
4,4,adagrad,0.001,1,5,0.8889825344085693,113.94800329208374
4,2,adam,0.0001,1,10,5.372760772705078,385.6490273475647
5,5,sgd,0.01,1,10000,0.28347310423851013,107.46967005729675
4,4,adagrad,0.001,1,10,0.8376219868659973,104.81706476211548
5,1,sgd,0.001,1,5,0.17615848779678345,106.83467984199524
4,4,adagrad,0.001,1,100,0.5902993083000183,106.90912675857544
5,1,sgd,0.001,1,10,0.14962945878505707,95.77392601966858
4,4,adagrad,0.001,1,1000,0.4745742082595825,93.03013348579407
5,1,sgd,0.001,1,100,0.14172247052192688,88.62190318107605
4,4,adagrad,0.001,1,10000,0.21673940122127533,91.1031744480133
4,2,adam,0.0001,1,100,5.406674385070801,382.82175302505493
5,1,sgd,0.001,1,1000,0.12031679600477219,83.48939728736877
4,5,adagrad,0.001,1,5,0.9481374025344849,80.80728316307068
5,1,sgd,0.001,1,10000,0.1926189810037613,110.25609731674194
4,5,adagrad,0.001,1,10,0.9314087629318237,108.67187261581421
4,5,adagrad,0.001,1,100,0.6663774251937866,94.9469244480133
4,5,adagrad,0.001,1,1000,0.24473212659358978,91.50045156478882
4,2,adam,0.0001,1,1000,5.284214019775391,443.79783821105957
4,5,adagrad,0.001,1,10000,0.2393193542957306,95.81589269638062
4,1,adagrad,0.0001,1,5,0.9886683821678162,85.25873756408691
5,2,sgd,0.001,1,5,6.950863838195801,425.83965945243835
4,1,adagrad,0.0001,1,10,0.9879571199417114,86.23669052124023
4,1,adagrad,0.0001,1,100,0.857720136642456,81.08710837364197
4,1,adagrad,0.0001,1,1000,0.2031373828649521,80.66138195991516
4,1,adagrad,0.0001,1,10000,0.38301265239715576,97.8688542842865
5,2,sgd,0.001,1,10,6.934001445770264,385.0244824886322
4,2,adagrad,0.0001,1,5,1.0755422115325928,336.083105802536
5,2,sgd,0.001,1,100,6.9226603507995605,332.65485191345215
4,2,adagrad,0.0001,1,10,1.1026008129119873,340.0887908935547
5,2,sgd,0.001,1,1000,6.955434322357178,370.04696917533875
4,2,adagrad,0.0001,1,100,1.6501893997192383,340.6149492263794
4,2,adam,0.0001,1,10000,5.2871527671813965,1660.1900234222412
4,3,adam,0.0001,1,5,0.3242160975933075,146.0391228199005
4,2,adagrad,0.0001,1,1000,4.286841869354248,410.2680869102478
4,3,adam,0.0001,1,10,0.31587132811546326,141.79003477096558
4,3,adam,0.0001,1,100,0.12747351825237274,133.58701992034912
4,3,adam,0.0001,1,1000,0.1305592954158783,134.53298377990723
5,2,sgd,0.001,1,10000,6.98917818069458,1075.3325848579407
5,3,sgd,0.001,1,5,0.3876745402812958,143.79070162773132
4,3,adam,0.0001,1,10000,0.16370177268981934,377.873770236969
5,3,sgd,0.001,1,10,0.39034032821655273,133.42800760269165
4,4,adam,0.0001,1,5,0.8125420212745667,59.83691620826721
4,4,adam,0.0001,1,10,0.764371931552887,49.25853776931763
5,3,sgd,0.001,1,100,0.38698118925094604,162.2078788280487
4,4,adam,0.0001,1,100,0.7080164551734924,57.642300844192505
4,4,adam,0.0001,1,1000,0.4735836386680603,93.71381664276123
4,4,adam,0.0001,1,10000,0.3060421347618103,99.78946256637573
5,3,sgd,0.001,1,1000,0.3832888603210449,232.21534895896912
4,5,adam,0.0001,1,5,0.8692638278007507,89.05521368980408
4,5,adam,0.0001,1,10,0.8018724322319031,85.72793769836426
4,5,adam,0.0001,1,100,0.2853904664516449,84.11479783058167
4,5,adam,0.0001,1,1000,0.26790839433670044,82.26876640319824
5,3,sgd,0.001,1,10000,0.3484734892845154,380.63299036026
4,5,adam,0.0001,1,10000,0.27553078532218933,101.04480814933777
5,4,sgd,0.001,1,5,1.2040539979934692,124.46967101097107
5,1,adam,0.01,1,5,0.13495779037475586,124.15844750404358
4,2,adagrad,0.0001,1,10000,4.369917392730713,1701.3231704235077
5,4,sgd,0.001,1,10,1.1974784135818481,125.1194577217102
5,1,adam,0.01,1,10,0.13725198805332184,128.08309531211853
5,4,sgd,0.001,1,100,1.110817313194275,119.67867469787598
5,1,adam,0.01,1,100,0.13679438829421997,117.20280241966248
4,3,adagrad,0.0001,1,5,0.7220368385314941,226.8408718109131
5,4,sgd,0.001,1,1000,0.7433436512947083,115.94007086753845
5,1,adam,0.01,1,1000,0.13589663803577423,116.0160346031189
5,4,sgd,0.001,1,10000,0.18006782233715057,115.24248671531677
5,1,adam,0.01,1,10000,0.23466593027114868,118.43259143829346
4,3,adagrad,0.0001,1,10,0.5593592524528503,209.66761136054993
5,5,sgd,0.001,1,5,100.5918197631836,87.44499564170837
5,5,sgd,0.001,1,10,100.91934204101562,72.37608814239502
5,5,sgd,0.001,1,100,103.6360855102539,71.54396224021912
4,3,adagrad,0.0001,1,100,0.4267396926879883,188.20022463798523
5,5,sgd,0.001,1,1000,112.92874908447266,61.75766587257385
5,5,sgd,0.001,1,10000,116.39117431640625,67.79833436012268
5,2,adam,0.01,1,5,4.038860321044922,366.37149024009705
4,3,adagrad,0.0001,1,1000,0.4152751564979553,171.2694857120514
5,1,sgd,0.0001,1,5,0.7405840754508972,55.925055742263794
5,1,sgd,0.0001,1,10,0.6769201755523682,94.02435398101807
5,1,sgd,0.0001,1,100,0.19238069653511047,91.36833930015564
5,1,sgd,0.0001,1,1000,0.10031326115131378,92.39227390289307
5,1,sgd,0.0001,1,10000,0.34994617104530334,101.95730376243591
5,2,adam,0.01,1,10,4.20457649230957,414.5418334007263
4,3,adagrad,0.0001,1,10000,0.3850468695163727,455.54249835014343
4,4,adagrad,0.0001,1,5,1.0139714479446411,86.5104751586914
4,4,adagrad,0.0001,1,10,1.0155893564224243,90.81744933128357
4,4,adagrad,0.0001,1,100,1.0423648357391357,86.21885538101196
5,2,sgd,0.0001,1,5,10.280341148376465,397.29486560821533
4,4,adagrad,0.0001,1,1000,1.287858009338379,82.90920400619507
5,2,adam,0.01,1,100,4.092191696166992,397.6068665981293
4,4,adagrad,0.0001,1,10000,2.4620678424835205,92.28202509880066
4,5,adagrad,0.0001,1,5,0.9958961606025696,81.65427827835083
4,5,adagrad,0.0001,1,10,0.9958853721618652,79.01495146751404
4,5,adagrad,0.0001,1,100,0.9901235103607178,78.58610415458679
5,2,sgd,0.0001,1,10,10.255587577819824,389.1344335079193
4,5,adagrad,0.0001,1,1000,0.9467779994010925,76.03951287269592
5,2,adam,0.01,1,1000,4.704401016235352,450.5064125061035
4,5,adagrad,0.0001,1,10000,0.5655808448791504,81.24301362037659
5,1,adagrad,0.01,1,5,0.27415168285369873,66.07833933830261
5,1,adagrad,0.01,1,10,0.18370652198791504,65.15663027763367
5,1,adagrad,0.01,1,100,0.1202082559466362,63.61832594871521
5,2,sgd,0.0001,1,100,10.303423881530762,366.6687562465668
5,1,adagrad,0.01,1,1000,0.045674439519643784,64.8835711479187
5,1,adagrad,0.01,1,10000,0.14479826390743256,66.27747535705566
5,2,sgd,0.0001,1,1000,10.29086971282959,363.0790388584137
5,2,adagrad,0.01,1,5,14.090267181396484,310.16589307785034
5,2,adagrad,0.01,1,10,13.943849563598633,268.3304982185364
5,2,adagrad,0.01,1,100,14.059890747070312,292.88523173332214
5,2,adam,0.01,1,10000,4.384383678436279,1640.8293888568878
5,2,adagrad,0.01,1,1000,14.268284797668457,418.45975708961487
5,2,sgd,0.0001,1,10000,10.59227180480957,1045.9787588119507
5,3,adam,0.01,1,5,0.20052732527256012,180.8426172733307
5,3,sgd,0.0001,1,5,0.3833102285861969,193.32653498649597
5,3,adam,0.01,1,10,0.1448289304971695,186.85578560829163
5,3,sgd,0.0001,1,10,0.3840491473674774,191.41564989089966
5,3,adam,0.01,1,100,0.10874663293361664,186.0668671131134
5,3,sgd,0.0001,1,100,0.3966267704963684,189.89369201660156
5,3,adam,0.01,1,1000,0.2023872584104538,189.7354598045349
5,3,sgd,0.0001,1,1000,0.39905568957328796,189.3552165031433
5,3,adam,0.01,1,10000,0.8106570243835449,396.84176993370056
5,3,sgd,0.0001,1,10000,0.37493959069252014,336.54226422309875
5,4,adam,0.01,1,5,0.6148393750190735,108.82960510253906
5,4,sgd,0.0001,1,5,0.9895326495170593,117.0937728881836
5,4,adam,0.01,1,10,0.6908379197120667,116.76775622367859
5,4,sgd,0.0001,1,10,0.9893779754638672,115.98678851127625
5,4,adam,0.01,1,100,0.6938936710357666,112.41477799415588
5,4,sgd,0.0001,1,100,0.9834083318710327,115.60287714004517
5,4,adam,0.01,1,1000,0.5940795540809631,112.35148596763611
5,4,sgd,0.0001,1,1000,0.8546338081359863,107.61476039886475
5,4,adam,0.01,1,10000,0.8206388354301453,97.67638182640076
5,4,sgd,0.0001,1,10000,0.4607415795326233,98.46808648109436
5,2,adagrad,0.01,1,10000,14.765559196472168,1708.5892963409424
5,5,adam,0.01,1,5,0.28999704122543335,99.16636943817139
5,5,sgd,0.0001,1,5,0.8269603848457336,98.68686866760254
5,5,adam,0.01,1,10,0.2885819971561432,98.83675146102905
5,5,sgd,0.0001,1,10,0.826575756072998,99.52099823951721
5,3,adagrad,0.01,1,5,0.3791641592979431,192.53028440475464
5,5,adam,0.01,1,100,0.2937059998512268,84.85427618026733
5,5,sgd,0.0001,1,100,0.8222137093544006,81.04031801223755
5,5,adam,0.01,1,1000,0.30885589122772217,112.68082213401794
5,3,adagrad,0.01,1,10,0.27830514311790466,189.49744129180908
5,5,sgd,0.0001,1,1000,0.7842187881469727,122.34911513328552
5,5,adam,0.01,1,10000,0.2579900324344635,130.74584364891052
5,5,sgd,0.0001,1,10000,0.5471076965332031,133.89853715896606
5,3,adagrad,0.01,1,100,0.1253986656665802,236.47971034049988
5,1,adam,0.001,1,5,0.20216229557991028,143.3404986858368
6,1,sgd,0.01,1,5,0.1100059449672699,143.866042137146
5,1,adam,0.001,1,10,0.15613378584384918,134.3932707309723
6,1,sgd,0.01,1,10,0.10765750706195831,134.17113637924194
5,3,adagrad,0.01,1,1000,0.11327319592237473,255.1722390651703
5,1,adam,0.001,1,100,0.11396568268537521,128.04876685142517
6,1,sgd,0.01,1,100,0.0703883171081543,126.02641010284424
5,1,adam,0.001,1,1000,0.0660967156291008,127.98451733589172
6,1,sgd,0.01,1,1000,0.018881069496273994,127.74482750892639
5,1,adam,0.001,1,10000,0.0843936875462532,124.68423700332642
6,1,sgd,0.01,1,10000,0.6385987401008606,113.17711043357849
5,3,adagrad,0.01,1,10000,0.25763848423957825,426.03461360931396
5,4,adagrad,0.01,1,5,0.9520882964134216,76.58203840255737
5,4,adagrad,0.01,1,10,0.8189408779144287,72.87956929206848
5,2,adam,0.001,1,5,5.812571048736572,358.1117479801178
5,4,adagrad,0.01,1,100,0.5607273578643799,72.0910906791687
6,2,sgd,0.01,1,5,6.803289890289307,360.37318086624146
5,4,adagrad,0.01,1,1000,0.645966112613678,74.15055203437805
5,4,adagrad,0.01,1,10000,0.38168925046920776,73.31204342842102
5,5,adagrad,0.01,1,5,0.23918510973453522,62.19094800949097
5,5,adagrad,0.01,1,10,0.23354582488536835,61.79163336753845
5,5,adagrad,0.01,1,100,0.23523326218128204,60.45288848876953
5,2,adam,0.001,1,10,5.759585380554199,370.8211672306061
6,2,sgd,0.01,1,10,6.832442760467529,363.59205985069275
5,5,adagrad,0.01,1,1000,0.2445605844259262,51.874263048172
5,5,adagrad,0.01,1,10000,0.268253892660141,101.21631717681885
5,1,adagrad,0.001,1,5,0.9076583981513977,83.94541096687317
5,1,adagrad,0.001,1,10,0.821474015712738,90.64148283004761
5,2,adam,0.001,1,100,5.889405250549316,376.00791573524475
5,1,adagrad,0.001,1,100,0.104832723736763,83.31126260757446
6,2,sgd,0.01,1,100,6.8635358810424805,397.1378655433655
5,1,adagrad,0.001,1,1000,0.30114051699638367,90.92402386665344
5,1,adagrad,0.001,1,10000,0.04587751254439354,100.6839644908905
5,2,adam,0.001,1,1000,5.596915245056152,436.49686884880066
6,2,sgd,0.01,1,1000,6.861621856689453,415.51588773727417
5,2,adagrad,0.001,1,5,5.067363262176514,364.1747057437897
5,2,adagrad,0.001,1,10,5.164945125579834,337.0084698200226
